http://opendatasciencelab.com/?post_type=feedback&p=22,http://opendatasciencelab.com/pages/02f533038f8bc72f59937567779eb909.html
http://opendatasciencelab.com/cambium/,http://opendatasciencelab.com/pages/cambium.html
http://opendatasciencelab.com/?post_type=feedback&p=130,http://opendatasciencelab.com/pages/4b2d91b109c60393049bcfdda46d0dac.html
http://opendatasciencelab.com/?post_type=feedback&p=131,http://opendatasciencelab.com/pages/77e567a540497be73f8674a2b2fb2768.html
http://opendatasciencelab.com/?post_type=feedback&p=135,http://opendatasciencelab.com/pages/a8540c2ea00292d3724732c324d5b763.html
http://opendatasciencelab.com/?post_type=feedback&p=136,http://opendatasciencelab.com/pages/1ecded579ba7265a18eb0f9368b0a591.html
http://opendatasciencelab.com/?post_type=feedback&p=137,http://opendatasciencelab.com/pages/89aefa1bd778ce41fe794dedc2fbbff3.html
http://opendatasciencelab.com/?post_type=feedback&p=144,http://opendatasciencelab.com/pages/c98c1f9757cda05c0d3134ba99d91bc1.html
http://opendatasciencelab.com/?post_type=feedback&p=145,http://opendatasciencelab.com/pages/75c09198ca7750a90b04085564c6ac19.html
http://opendatasciencelab.com/?post_type=feedback&p=152,http://opendatasciencelab.com/pages/dde26788dcf152b73a49cdce96dc1525.html
http://opendatasciencelab.com/?post_type=feedback&p=153,http://opendatasciencelab.com/pages/54fe9997082c28101762d93b1b77747d.html
http://opendatasciencelab.com/?post_type=feedback&p=154,http://opendatasciencelab.com/pages/2f7a759d3940aa4fd1fd4badbbabd8d5.html
http://opendatasciencelab.com/?post_type=feedback&p=155,http://opendatasciencelab.com/pages/bc33ab31493119d64643934b92bb35ad.html
http://opendatasciencelab.com/?post_type=feedback&p=156,http://opendatasciencelab.com/pages/5ba64bf8760871d178eaaca96939dde2.html
http://opendatasciencelab.com/?post_type=feedback&p=157,http://opendatasciencelab.com/pages/221b3b912cbad642de83f7c44b5a4a11.html
http://opendatasciencelab.com/?post_type=feedback&p=158,http://opendatasciencelab.com/pages/00bc398b4642dacbec46424d970b9bd8.html
http://opendatasciencelab.com/?post_type=feedback&p=168,http://opendatasciencelab.com/pages/8df5f36624561b718635c9ba69375b61.html
http://opendatasciencelab.com/?post_type=feedback&p=169,http://opendatasciencelab.com/pages/5ef5e0952b340044a6d01cd0522c2b58.html
http://opendatasciencelab.com/?post_type=feedback&p=173,http://opendatasciencelab.com/pages/e15c4f37516e3ced88aa5b7ce39b03ec.html
http://opendatasciencelab.com/?post_type=feedback&p=174,http://opendatasciencelab.com/pages/15e2eda26ff2bda59f5f8e366e23e035.html
http://opendatasciencelab.com/?post_type=feedback&p=175,http://opendatasciencelab.com/pages/ee43e640f42d0e6b2e36e1cde86b8710.html
http://opendatasciencelab.com/?post_type=feedback&p=182,http://opendatasciencelab.com/pages/47790fd01ba38815483fb6e9ee8ce795.html
http://opendatasciencelab.com/?post_type=feedback&p=183,http://opendatasciencelab.com/pages/8d288d62da61654ad6f684ecc21228b1.html
http://opendatasciencelab.com/?post_type=feedback&p=184,http://opendatasciencelab.com/pages/bc99fe56d9c59d976f3367bc7320879e.html
http://opendatasciencelab.com/?post_type=feedback&p=185,http://opendatasciencelab.com/pages/1471951317b7fe938f19910d5d3bfab7.html
http://opendatasciencelab.com/?post_type=feedback&p=189,http://opendatasciencelab.com/pages/2bd19882ce0b9493636f6f0a4bb77d4e.html
http://opendatasciencelab.com/?post_type=feedback&p=190,http://opendatasciencelab.com/pages/f0011d3d2bb95496730c61c64851d7d9.html
http://opendatasciencelab.com/?post_type=feedback&p=191,http://opendatasciencelab.com/pages/1fdca066c2d2a895a91f7e7b4ed0a04c.html
http://opendatasciencelab.com/?post_type=feedback&p=195,http://opendatasciencelab.com/pages/d90a92d7da37e4e43a91efacbd457180.html
http://opendatasciencelab.com/?post_type=feedback&p=199,http://opendatasciencelab.com/pages/6afcf8799a6b14408041873daaf104ad.html
http://opendatasciencelab.com/?post_type=feedback&p=200,http://opendatasciencelab.com/pages/daea04a7d2f40dfe9d7b1dee5f74c284.html
http://opendatasciencelab.com/?post_type=feedback&p=201,http://opendatasciencelab.com/pages/1a36fd64fa4c9c9b6b84348297e251dd.html
http://opendatasciencelab.com/?post_type=feedback&p=205,http://opendatasciencelab.com/pages/d88c6f20abb184780297d2a4b6412972.html
http://opendatasciencelab.com/?post_type=feedback&p=206,http://opendatasciencelab.com/pages/13ec78d53ee81d9ba2a60275982bad6d.html
http://opendatasciencelab.com/?post_type=feedback&p=213,http://opendatasciencelab.com/pages/f2b337ccd4f017009b9924aa276202e4.html
http://opendatasciencelab.com/?post_type=feedback&p=214,http://opendatasciencelab.com/pages/03134e58df65dfd25d73f918631dfaec.html
http://opendatasciencelab.com/?post_type=feedback&p=221,http://opendatasciencelab.com/pages/78ade4e04e36f84f7599368241eb8e39.html
http://opendatasciencelab.com/?post_type=feedback&p=222,http://opendatasciencelab.com/pages/365663853274a552851aa6490416f9ac.html
http://opendatasciencelab.com/?post_type=feedback&p=223,http://opendatasciencelab.com/pages/f4627d673cadc5dfacaf1499d202fff8.html
http://opendatasciencelab.com/?post_type=feedback&p=227,http://opendatasciencelab.com/pages/2c9de8142f98519cda11c4e039bcc827.html
http://opendatasciencelab.com/?post_type=feedback&p=228,http://opendatasciencelab.com/pages/fe891e86afbd58073fb473e2f3f75d03.html
http://opendatasciencelab.com/?post_type=feedback&p=229,http://opendatasciencelab.com/pages/a6a18198d693e8d3e357b74fdfaabc53.html
http://opendatasciencelab.com/?post_type=feedback&p=230,http://opendatasciencelab.com/pages/0f232501dddce2de88f7710ff63ae06f.html
http://opendatasciencelab.com/?post_type=feedback&p=231,http://opendatasciencelab.com/pages/15c8c1d047dfd6556c4375f1b2968220.html
http://opendatasciencelab.com/?post_type=feedback&p=240,http://opendatasciencelab.com/pages/b28d50d19e097361878ec376e203ef5c.html
http://opendatasciencelab.com/?post_type=feedback&p=247,http://opendatasciencelab.com/pages/9b10d748f57cc38230fa0fc991238a88.html
http://opendatasciencelab.com/?post_type=feedback&p=248,http://opendatasciencelab.com/pages/a5ff7498e63ca12997415c5163917c9e.html
http://opendatasciencelab.com/open-data-science-initiative/,http://opendatasciencelab.com/posts/open-data-science-initiative.html
http://opendatasciencelab.com/projects/,http://opendatasciencelab.com/pages/projects.html
http://opendatasciencelab.com/contact/,http://opendatasciencelab.com/pages/contact.html
http://opendatasciencelab.com/tools/,http://opendatasciencelab.com/pages/tools.html
http://opendatasciencelab.com/communities/,http://opendatasciencelab.com/pages/communities.html
http://opendatasciencelab.com/tag/announcements,/categories/announcements/
http://opendatasciencelab.com/tag/main,/categories/main/
